#SampleID,BarcodeSequence,LinkerPrimerSequence,ReversePrimerSequence,Index,Group,Treatment,Treatment1,Description
N11,AGAGTCGCGT,ACTCCTACGGGAGGCAGCA,GGACTACHVGGGTWTCTAAT,1,N,N_SC1,N1,N11
N13,ACGCACATAT,ACTCCTACGGGAGGCAGCA,GGACTACHVGGGTWTCTAAT,3,N,N_SC1,N1,N13
N14,ACGTGCTCTG,ACTCCTACGGGAGGCAGCA,GGACTACHVGGGTWTCTAAT,4,N,N_SC1,N1,N14
N31,TAGTACTAGA,ACTCCTACGGGAGGCAGCA,GGACTACHVGGGTWTCTAAT,9,N,N_SC1+AZ288,N3,N31
N33,TGAGATCATA,ACTCCTACGGGAGGCAGCA,GGACTACHVGGGTWTCTAAT,11,N,N_SC1+AZ288,N3,N33
N34,CTACATACTA,ACTCCTACGGGAGGCAGCA,GGACTACHVGGGTWTCTAAT,12,N,N_SC1+AZ288,N3,N34
NON12,ATCATATCTC,ACTCCTACGGGAGGCAGCA,GGACTACHVGGGTWTCTAAT,14,NON,NON_SC1,NON1,NON12
NON13,AGTAGATCAT,ACTCCTACGGGAGGCAGCA,GGACTACHVGGGTWTCTAAT,15,NON,NON_SC1,NON1,NON13
NON14,ACATAGTATC,ACTCCTACGGGAGGCAGCA,GGACTACHVGGGTWTCTAAT,16,NON,NON_SC1,NON1,NON14
NON31,AGACTATATC,ACTCCTACGGGAGGCAGCA,GGACTACHVGGGTWTCTAAT,21,NON,NON_SC1+AZ288,NON3,NON31
NON33,CGAGACGACA,ACTCCTACGGGAGGCAGCA,GGACTACHVGGGTWTCTAAT,23,NON,NON_SC1+AZ288,NON3,NON33
NON34,ATCACTCATA,ACTCCTACGGGAGGCAGCA,GGACTACHVGGGTWTCTAAT,24,NON,NON_SC1+AZ288,NON3,NON34
